Question,Answer,Category
Can I change my order after placing it?,You can modify your order within 1 hour of placement via 'My Orders' section.,Orders
Why is my refund amount different?,Refunds exclude shipping fees and any applied discounts.,Payments
How to reset my account password?,Go to Login > Forgot Password > Enter registered email for reset link.,Account
Where is my order right now?,Track real-time location via the shipping tracker in your order details.,Shipping
Do you offer cash on delivery?,COD is available for orders under ?5000 with 2% extra fee.,Payments
Product received is damaged, what to do?Email photos to support@example.com for instant replacement.,Returns
How to use gift card balance?,Apply gift card code during checkout under 'Payment Methods'.,Payments
Why was my order cancelled?,Common reasons: payment failure or item out of stock. Check email for details.,Orders
How to check warranty status?,Warranty details are on the product page or your invoice.,Products
Can I buy without registration?,Guest checkout available but registration gives order tracking benefits.,Account
What's the exchange policy?,10-day exchange window with original packaging. Visit Returns Center.,Returns
How to contact seller directly?,Use 'Contact Seller' button on product page for queries.,Products
Why delivery delayed?,"Delays occur due to weather, holidays or logistical issues. We SMS updates.",Shipping
Is international shipping free?,International orders attract custom duties + shipping fees.,Shipping
How to cancel subscription?,Go to 'Subscriptions' in account settings > Click 'Cancel'.,Account
Where's my refund?,Refunds take 5-7 bank working days after return approval.,Payments
Can I order without app?,"Yes, visit www.example.com on any browser for full features.",Account
How to change delivery address?,You can change your shipping address in your account settings before the order is shipped.,Shipping
What payment methods are accepted?,"We accept credit cards, PayPal, and gift cards.",Payments
How do I cancel my order?,You can cancel your order within 1 hour of placing it.,Orders
Can I exchange an item?,"Yes, you can exchange items within 30 days of receipt.",Returns
How long does shipping take?,Shipping usually takes 3-5 business days.,Shipping
Do you offer international shipping?,"Yes, we ship to select countries worldwide.",Shipping
How do I apply a discount code?,You can apply a discount code at checkout.,Payments
Can I get a refund?,Refunds are processed within 5-7 business days after we receive the returned item.,Returns
Can I return items after 30 days?,Returns are accepted within 30 days of receipt only.,Returns
How to track my order?,You can track your order using the tracking link sent to your email.,Orders
How to change my shipping address?,You can change your shipping address in your account settings before the order is shipped.,Shipping
How to contact customer service?,You can reach customer service via the 'Contact Us' page.,Account
How to check my order history?,You can view your order history in the 'My Orders' section of your account.,Orders
Can I return a gift?,Gifts can be returned for store credit within 30 days of receipt.,Returns
How to report a problem with my order?,You can report issues through the 'Help Center' on our website.,Orders
How to change my account email?,You can change your email in the 'Account Settings' section.,Account
How to delete my account?,"To delete your account, please contact customer support.",Account
How to reset my password?,You can reset your password by clicking on 'Forgot Password' at login.,Account
How to update my payment method?,You can update your payment method in the 'Payment Methods' section of your account.,Payments
How to check my balance?,You can check your balance in the 'Wallet' section of your account.,Payments
How to redeem my points?,You can redeem points during checkout for discounts on your order.,Payments
How to check the status of my return?,You can check the status of your return in the 'Returns' section of your account.,Returns
How to change my shipping method?,You can change your shipping method in the 'Order Details' section before the order ships.,Shipping
How to get a replacement for a defective item?,You can request a replacement through the 'Returns' section of your account.,Returns
How to check if an item is in stock?,You can check stock availability on the product page.,Products
How to find my order number?,Your order number is included in the confirmation email you received after placing your order.,Orders
How to contact the seller?,You can contact the seller through the 'Contact Seller' button on the product page.,Products
How to check the delivery date?,The estimated delivery date is shown on the product page and during checkout.,Shipping
How to change my account password?,You can change your password in the 'Account Settings' section.,Account
How to check my order tracking?,You can track your order using the tracking link sent to your email.,Orders
How to return an item?,You can initiate a return through the 'Returns' section of your account.,Returns
How to cancel my subscription?,You can cancel your subscription in the 'Subscriptions' section of your account.,Account
How to check my order status?,You can check your order status in the 'My Orders' section of your account.,Orders
How to report a missing item?,You can report a missing item through the 'Help Center' on our website.,Orders
How to check my order details?,You can view your order details in the 'My Orders' section of your account.,Orders
How to change my delivery address?,You can change your delivery address in the 'Order Details' section before the order ships.,Shipping
How to check my order history?,You can view your order history in the 'My Orders' section of your account.,Orders
How to get a refund for a returned item?,Refunds are processed within 5-7 business days after we receive the returned item.,Returns
How to check my account balance?,You can check your account balance in the 'Wallet' section of your account.,Payments
How to redeem my gift card?,You can redeem your gift card during checkout by entering the code.,Payments
How to check my order confirmation?,Your order confirmation is sent to your registered email after placing an order.,Orders
How to change my payment method?,You can change your payment method in the 'Payment Methods' section of your account.,Payments
How to check my order tracking?,You can track your order using the tracking link sent to your email.,Orders
How to return an item?,You can initiate a return through the 'Returns' section of your account.,Returns
How to cancel my subscription?,You can cancel your subscription in the 'Subscriptions' section of your account.,Account
How to check my order status?,You can check your order status in the 'My Orders' section of your account.,Orders
How to report a missing item?,You can report a missing item through the 'Help Center' on our website.,Orders
How to check my order details?,You can view your order details in the 'My Orders' section of your account.,Orders
How to change my delivery address?,You can change your delivery address in the 'Order Details' section before the order ships.,Shipping
How to check my order history?,You can view your order history in the 'My Orders' section of your account.,Orders
How to get a refund for a returned item?,Refunds are processed within 5-7 business days after we receive the returned item.,Returns
How to check my account balance?,You can check your account balance in the 'Wallet' section of your account.,Payments
How to redeem my gift card?,You can redeem your gift card during checkout by entering the code.,Payments
How to check my order confirmation?,Your order confirmation is sent to your registered email after placing an order.,Orders
How to change my payment method?,You can change your payment method in the 'Payment Methods' section of your account.,Payments
How to check my order tracking?,You can track your order using the tracking link sent to your email.,Orders
How to return an item?,You can initiate a return through the 'Returns' section of your account.,Returns
How to cancel my subscription?,You can cancel your subscription in the 'Subscriptions' section of your account.,Account
How to check my order status?,You can check your order status in the 'My Orders' section of your account.,Orders
How to report a missing item?,You can report a missing item through the 'Help Center' on our website.,Orders
How to check my order details?,You can view your order details in the 'My Orders' section of your account.,Orders
How to change my delivery address?,You can change your delivery address in the 'Order Details' section before the order ships.,Shipping
How to check my order history?,You can view your order history in the 'My Orders' section of your account.,Orders
How to get a refund for a returned item?,Refunds are processed within 5-7 business days after we receive the returned item.,Returns
How to check my account balance?,You can check your account balance in the 'Wallet' section of your account.,Payments
How to redeem my gift card?,You can redeem your gift card during checkout by entering the code.,Payments
How to check my order confirmation?,Your order confirmation is sent to your registered email after placing an order.,Orders
How to change my payment method?,You can change your payment method in the 'Payment Methods' section of your account.,Payments
How to check my order tracking?,You can track your order using the tracking link sent to your email.,Orders
How to return an item?,You can initiate a return through the 'Returns' section of your account.,Returns
How to cancel my subscription?,You can cancel your subscription in the 'Subscriptions' section of your account.,Account
How to check my order status?,You can check your order status in the 'My Orders' section of your account.,Orders
How to report a missing item?,You can report a missing item through the 'Help Center' on our website.,Orders
How to check my order details?,You can view your order details in the 'My Orders' section of your account.,Orders
How to change my delivery address?,You can change your delivery address in the 'Order Details' section before the order ships.,Shipping
How to check my order history?,You can view your order history in the 'My Orders' section of your account.,Orders
How to get a refund for a returned item?,Refunds are processed within 5-7 business days after we receive the returned item.,Returns
How to check my account balance?,You can check your account balance in the 'Wallet' section of your account.,Payments
How to redeem my gift card?,You can redeem your gift card during checkout by entering the code.,Payments
How to check my order confirmation?,Your order confirmation is sent to your registered email after placing an order.,Orders
How to change my payment method?,You can change your payment method in the 'Payment Methods' section of your account.,Payments
How to check my order tracking?,You can track your order using the tracking link sent to your email.,Orders
How to return an item?,You can initiate a return through the 'Returns' section of your account.,Returns
How to cancel my subscription?,You can cancel your subscription in the 'Subscriptions' section of your account.,Account
How to check my order status?,You can check your order status in the 'My Orders' section of your account.,Orders
How to report a missing item?,You can report a missing item through the 'Help Center' on our website.,Orders
How to check my order details?,You can view your order details in the 'My Orders' section of your account.,Orders
How to change my delivery address?,You can,
Where are you located?,"Our headquarters are in San Francisco, CA.",General Inquiry
How long does shipping take?,Standard shipping takes 3-5 business days.,Shipping
My app is not working. What should I do?,Please try reinstalling the app or clearing the cache.,Technical Support
Is this product waterproof?,"Yes, it is waterproof up to 1 meter for 30 minutes.",Product Information
My app is not working. What should I do?,Please try reinstalling the app or clearing the cache.,Technical Support
Do you ship internationally?,"Yes, we ship to most countries worldwide.",Shipping
What are the specifications of this product?,You can find detailed specifications on the product page under 'Details'.,Product Information
Can I change my email address?,"Yes, go to Account Settings and click 'Edit Email'.",Account Management
What payment methods do you accept?,"We accept Visa, MasterCard, PayPal, and Apple Pay.",Payment
What is your return policy?,You can return items within 30 days of delivery.,Returns
Will I be charged if I cancel before the trial ends?,"No, you won't be charged if you cancel during the trial.",Cancellation
Do you offer a free trial?,"Yes, we offer a 7-day free trial.",Subscription
Do you ship internationally?,"Yes, we ship to most countries worldwide.",Shipping
Will I be charged if I cancel before the trial ends?,"No, you won't be charged if you cancel during the trial.",Cancellation
Can I pay in installments?,"Yes, select 'Pay Later' at checkout.",Payment
How can I cancel my subscription?,Go to your account settings and click 'Cancel Subscription'.,Cancellation
The website is loading slowly. Any fix?,Try refreshing the page or checking your internet connection.,Technical Support
Do you ship internationally?,"Yes, we ship to most countries worldwide.",Shipping
What are the specifications of this product?,You can find detailed specifications on the product page under 'Details'.,Product Information
Do you ship internationally?,"Yes, we ship to most countries worldwide.",Shipping
How can I cancel my subscription?,Go to your account settings and click 'Cancel Subscription'.,Cancellation
How do I initiate a return?,Go to your order history and click 'Return Item'.,Returns
Can I pay in installments?,"Yes, select 'Pay Later' at checkout.",Payment
Can I pay in installments?,"Yes, select 'Pay Later' at checkout.",Payment
How can I cancel my subscription?,Go to your account settings and click 'Cancel Subscription'.,Cancellation
Why was I charged twice?,Sometimes multiple charges appear due to pending transactions. Please contact support for a refund.,Billing
How can I subscribe to your service?,Click on the 'Subscribe' button on our homepage.,Subscription
The website is loading slowly. Any fix?,Try refreshing the page or checking your internet connection.,Technical Support
Do you offer a free trial?,"Yes, we offer a 7-day free trial.",Subscription
Can I pay in installments?,"Yes, select 'Pay Later' at checkout.",Payment
How can I subscribe to your service?,Click on the 'Subscribe' button on our homepage.,Subscription
Where are you located?,"Our headquarters are in San Francisco, CA.",General Inquiry
Why was I charged twice?,Sometimes multiple charges appear due to pending transactions. Please contact support for a refund.,Billing
Do you offer a free trial?,"Yes, we offer a 7-day free trial.",Subscription
How can I cancel my subscription?,Go to your account settings and click 'Cancel Subscription'.,Cancellation
How can I reset my password?,Click on 'Forgot Password' at login and follow the instructions.,Account Management
Can I change my email address?,"Yes, go to Account Settings and click 'Edit Email'.",Account Management
My app is not working. What should I do?,Please try reinstalling the app or clearing the cache.,Technical Support
My app is not working. What should I do?,Please try reinstalling the app or clearing the cache.,Technical Support
Why was I charged twice?,Sometimes multiple charges appear due to pending transactions. Please contact support for a refund.,Billing
The website is loading slowly. Any fix?,Try refreshing the page or checking your internet connection.,Technical Support
How can I subscribe to your service?,Click on the 'Subscribe' button on our homepage.,Subscription
What payment methods do you accept?,"We accept Visa, MasterCard, PayPal, and Apple Pay.",Payment
What payment methods do you accept?,"We accept Visa, MasterCard, PayPal, and Apple Pay.",Payment
How can I reset my password?,Click on 'Forgot Password' at login and follow the instructions.,Account Management
What payment methods do you accept?,"We accept Visa, MasterCard, PayPal, and Apple Pay.",Payment
My app is not working. What should I do?,Please try reinstalling the app or clearing the cache.,Technical Support
What are the specifications of this product?,You can find detailed specifications on the product page under 'Details'.,Product Information
Can I change my email address?,"Yes, go to Account Settings and click 'Edit Email'.",Account Management
Do you ship internationally?,"Yes, we ship to most countries worldwide.",Shipping
Is this product waterproof?,"Yes, it is waterproof up to 1 meter for 30 minutes.",Product Information
Can I pay in installments?,"Yes, select 'Pay Later' at checkout.",Payment
The website is loading slowly. Any fix?,Try refreshing the page or checking your internet connection.,Technical Support
How can I view my bill?,You can view your bill by logging into your account and clicking on 'Billing'.,Billing
Do you offer a free trial?,"Yes, we offer a 7-day free trial.",Subscription
Why was I charged twice?,Sometimes multiple charges appear due to pending transactions. Please contact support for a refund.,Billing
How can I reset my password?,Click on 'Forgot Password' at login and follow the instructions.,Account Management
How long does shipping take?,Standard shipping takes 3-5 business days.,Shipping
How can I subscribe to your service?,Click on the 'Subscribe' button on our homepage.,Subscription
What is your return policy?,You can return items within 30 days of delivery.,Returns
Do you offer discounts?,"Yes, we offer seasonal discounts. Please subscribe to our newsletter.",General Inquiry
How can I subscribe to your service?,Click on the 'Subscribe' button on our homepage.,Subscription
How can I reset my password?,Click on 'Forgot Password' at login and follow the instructions.,Account Management
How can I reset my password?,Click on 'Forgot Password' at login and follow the instructions.,Account Management
How can I view my bill?,You can view your bill by logging into your account and clicking on 'Billing'.,Billing
How can I subscribe to your service?,Click on the 'Subscribe' button on our homepage.,Subscription
How do I initiate a return?,Go to your order history and click 'Return Item'.,Returns
What payment methods do you accept?,"We accept Visa, MasterCard, PayPal, and Apple Pay.",Payment
How can I view my bill?,You can view your bill by logging into your account and clicking on 'Billing'.,Billing
Can I change my email address?,"Yes, go to Account Settings and click 'Edit Email'.",Account Management
How can I view my bill?,You can view your bill by logging into your account and clicking on 'Billing'.,Billing
How long does shipping take?,Standard shipping takes 3-5 business days.,Shipping
Can I pay in installments?,"Yes, select 'Pay Later' at checkout.",Payment
Where are you located?,"Our headquarters are in San Francisco, CA.",General Inquiry
What are the specifications of this product?,You can find detailed specifications on the product page under 'Details'.,Product Information
How can I cancel my subscription?,Go to your account settings and click 'Cancel Subscription'.,Cancellation
Can I pay in installments?,"Yes, select 'Pay Later' at checkout.",Payment
My app is not working. What should I do?,Please try reinstalling the app or clearing the cache.,Technical Support
How long does shipping take?,Standard shipping takes 3-5 business days.,Shipping
Is this product waterproof?,"Yes, it is waterproof up to 1 meter for 30 minutes.",Product Information
Can I pay in installments?,"Yes, select 'Pay Later' at checkout.",Payment
How long does shipping take?,Standard shipping takes 3-5 business days.,Shipping
Do you offer discounts?,"Yes, we offer seasonal discounts. Please subscribe to our newsletter.",General Inquiry
Why was I charged twice?,Sometimes multiple charges appear due to pending transactions. Please contact support for a refund.,Billing
How can I view my bill?,You can view your bill by logging into your account and clicking on 'Billing'.,Billing
Will I be charged if I cancel before the trial ends?,"No, you won't be charged if you cancel during the trial.",Cancellation
How can I subscribe to your service?,Click on the 'Subscribe' button on our homepage.,Subscription
My app is not working. What should I do?,Please try reinstalling the app or clearing the cache.,Technical Support
Do you ship internationally?,"Yes, we ship to most countries worldwide.",Shipping
What is your return policy?,You can return items within 30 days of delivery.,Returns
Can I change my email address?,"Yes, go to Account Settings and click 'Edit Email'.",Account Management
Is this product waterproof?,"Yes, it is waterproof up to 1 meter for 30 minutes.",Product Information
Why was I charged twice?,Sometimes multiple charges appear due to pending transactions. Please contact support for a refund.,Billing
How do I initiate a return?,Go to your order history and click 'Return Item'.,Returns
How can I subscribe to your service?,Click on the 'Subscribe' button on our homepage.,Subscription
Do you offer a free trial?,"Yes, we offer a 7-day free trial.",Subscription
How do I initiate a return?,Go to your order history and click 'Return Item'.,Returns
Why was I charged twice?,Sometimes multiple charges appear due to pending transactions. Please contact support for a refund.,Billing
Where are you located?,"Our headquarters are in San Francisco, CA.",General Inquiry
Do you ship internationally?,"Yes, we ship to most countries worldwide.",Shipping
How can I cancel my subscription?,Go to your account settings and click 'Cancel Subscription'.,Cancellation
Will I be charged if I cancel before the trial ends?,"No, you won't be charged if you cancel during the trial.",Cancellation
Can I change my email address?,"Yes, go to Account Settings and click 'Edit Email'.",Account Management
How long does shipping take?,Standard shipping takes 3-5 business days.,Shipping
Why was I charged twice?,Sometimes multiple charges appear due to pending transactions. Please contact support for a refund.,Billing
My app is not working. What should I do?,Please try reinstalling the app or clearing the cache.,Technical Support
Do you ship internationally?,"Yes, we ship to most countries worldwide.",Shipping
How do I initiate a return?,Go to your order history and click 'Return Item'.,Returns
Can I change my email address?,"Yes, go to Account Settings and click 'Edit Email'.",Account Management
Can I change my email address?,"Yes, go to Account Settings and click 'Edit Email'.",Account Management
Will I be charged if I cancel before the trial ends?,"No, you won't be charged if you cancel during the trial.",Cancellation
Do you offer discounts?,"Yes, we offer seasonal discounts. Please subscribe to our newsletter.",General Inquiry
My app is not working. What should I do?,Please try reinstalling the app or clearing the cache.,Technical Support
How long does shipping take?,Standard shipping takes 3-5 business days.,Shipping
Do you offer a free trial?,"Yes, we offer a 7-day free trial.",Subscription
What are the specifications of this product?,You can find detailed specifications on the product page under 'Details'.,Product Information
Can I change my email address?,"Yes, go to Account Settings and click 'Edit Email'.",Account Management
How can I view my bill?,You can view your bill by logging into your account and clicking on 'Billing'.,Billing
How long does shipping take?,Standard shipping takes 3-5 business days.,Shipping
Where are you located?,"Our headquarters are in San Francisco, CA.",General Inquiry
What payment methods do you accept?,"We accept Visa, MasterCard, PayPal, and Apple Pay.",Payment
How can I reset my password?,Click on 'Forgot Password' at login and follow the instructions.,Account Management
What is your return policy?,You can return items within 30 days of delivery.,Returns
The website is loading slowly. Any fix?,Try refreshing the page or checking your internet connection.,Technical Support
What payment methods do you accept?,"We accept Visa, MasterCard, PayPal, and Apple Pay.",Payment
My app is not working. What should I do?,Please try reinstalling the app or clearing the cache.,Technical Support
What are the specifications of this product?,You can find detailed specifications on the product page under 'Details'.,Product Information
How can I view my bill?,You can view your bill by logging into your account and clicking on 'Billing'.,Billing
Do you offer discounts?,"Yes, we offer seasonal discounts. Please subscribe to our newsletter.",General Inquiry
Will I be charged if I cancel before the trial ends?,"No, you won't be charged if you cancel during the trial.",Cancellation
Can I change my email address?,"Yes, go to Account Settings and click 'Edit Email'.",Account Management
Will I be charged if I cancel before the trial ends?,"No, you won't be charged if you cancel during the trial.",Cancellation
My app is not working. What should I do?,Please try reinstalling the app or clearing the cache.,Technical Support
My app is not working. What should I do?,Please try reinstalling the app or clearing the cache.,Technical Support
My app is not working. What should I do?,Please try reinstalling the app or clearing the cache.,Technical Support
The website is loading slowly. Any fix?,Try refreshing the page or checking your internet connection.,Technical Support
Why was I charged twice?,Sometimes multiple charges appear due to pending transactions. Please contact support for a refund.,Billing
How can I subscribe to your service?,Click on the 'Subscribe' button on our homepage.,Subscription
Can I pay in installments?,"Yes, select 'Pay Later' at checkout.",Payment
Do you ship internationally?,"Yes, we ship to most countries worldwide.",Shipping
How long does shipping take?,Standard shipping takes 3-5 business days.,Shipping
How can I reset my password?,Click on 'Forgot Password' at login and follow the instructions.,Account Management
What are the specifications of this product?,You can find detailed specifications on the product page under 'Details'.,Product Information
How can I cancel my subscription?,Go to your account settings and click 'Cancel Subscription'.,Cancellation
Do you offer discounts?,"Yes, we offer seasonal discounts. Please subscribe to our newsletter.",General Inquiry
My app is not working. What should I do?,Please try reinstalling the app or clearing the cache.,Technical Support
My app is not working. What should I do?,Please try reinstalling the app or clearing the cache.,Technical Support
What payment methods do you accept?,"We accept Visa, MasterCard, PayPal, and Apple Pay.",Payment
What payment methods do you accept?,"We accept Visa, MasterCard, PayPal, and Apple Pay.",Payment
Can I pay in installments?,"Yes, select 'Pay Later' at checkout.",Payment
Will I be charged if I cancel before the trial ends?,"No, you won't be charged if you cancel during the trial.",Cancellation
The website is loading slowly. Any fix?,Try refreshing the page or checking your internet connection.,Technical Support
The website is loading slowly. Any fix?,Try refreshing the page or checking your internet connection.,Technical Support
The website is loading slowly. Any fix?,Try refreshing the page or checking your internet connection.,Technical Support
How can I cancel my subscription?,Go to your account settings and click 'Cancel Subscription'.,Cancellation
How can I view my bill?,You can view your bill by logging into your account and clicking on 'Billing'.,Billing
What payment methods do you accept?,"We accept Visa, MasterCard, PayPal, and Apple Pay.",Payment
Is this product waterproof?,"Yes, it is waterproof up to 1 meter for 30 minutes.",Product Information
How can I reset my password?,Click on 'Forgot Password' at login and follow the instructions.,Account Management
What are the specifications of this product?,You can find detailed specifications on the product page under 'Details'.,Product Information
Will I be charged if I cancel before the trial ends?,"No, you won't be charged if you cancel during the trial.",Cancellation
Can I pay in installments?,"Yes, select 'Pay Later' at checkout.",Payment
Can I change my email address?,"Yes, go to Account Settings and click 'Edit Email'.",Account Management
How do I initiate a return?,Go to your order history and click 'Return Item'.,Returns
Can I pay in installments?,"Yes, select 'Pay Later' at checkout.",Payment
How long does shipping take?,Standard shipping takes 3-5 business days.,Shipping
What are the specifications of this product?,You can find detailed specifications on the product page under 'Details'.,Product Information
How can I cancel my subscription?,Go to your account settings and click 'Cancel Subscription'.,Cancellation
How can I cancel my subscription?,Go to your account settings and click 'Cancel Subscription'.,Cancellation
Do you offer a free trial?,"Yes, we offer a 7-day free trial.",Subscription
How long does shipping take?,Standard shipping takes 3-5 business days.,Shipping
How long does shipping take?,Standard shipping takes 3-5 business days.,Shipping
Will I be charged if I cancel before the trial ends?,"No, you won't be charged if you cancel during the trial.",Cancellation
What is your return policy?,You can return items within 30 days of delivery.,Returns
How do I initiate a return?,Go to your order history and click 'Return Item'.,Returns
How can I cancel my subscription?,Go to your account settings and click 'Cancel Subscription'.,Cancellation
How can I subscribe to your service?,Click on the 'Subscribe' button on our homepage.,Subscription
Do you offer discounts?,"Yes, we offer seasonal discounts. Please subscribe to our newsletter.",General Inquiry
Will I be charged if I cancel before the trial ends?,"No, you won't be charged if you cancel during the trial.",Cancellation
Where are you located?,"Our headquarters are in San Francisco, CA.",General Inquiry
How can I cancel my subscription?,Go to your account settings and click 'Cancel Subscription'.,Cancellation
How long does shipping take?,Standard shipping takes 3-5 business days.,Shipping
What payment methods do you accept?,"We accept Visa, MasterCard, PayPal, and Apple Pay.",Payment
What is your return policy?,You can return items within 30 days of delivery.,Returns
Do you offer a free trial?,"Yes, we offer a 7-day free trial.",Subscription
Why was I charged twice?,Sometimes multiple charges appear due to pending transactions. Please contact support for a refund.,Billing
How can I subscribe to your service?,Click on the 'Subscribe' button on our homepage.,Subscription
Do you offer discounts?,"Yes, we offer seasonal discounts. Please subscribe to our newsletter.",General Inquiry
What are the specifications of this product?,You can find detailed specifications on the product page under 'Details'.,Product Information
My app is not working. What should I do?,Please try reinstalling the app or clearing the cache.,Technical Support
Will I be charged if I cancel before the trial ends?,"No, you won't be charged if you cancel during the trial.",Cancellation
Is this product waterproof?,"Yes, it is waterproof up to 1 meter for 30 minutes.",Product Information
Do you ship internationally?,"Yes, we ship to most countries worldwide.",Shipping
Do you ship internationally?,"Yes, we ship to most countries worldwide.",Shipping
Will I be charged if I cancel before the trial ends?,"No, you won't be charged if you cancel during the trial.",Cancellation
How can I view my bill?,You can view your bill by logging into your account and clicking on 'Billing'.,Billing
My app is not working. What should I do?,Please try reinstalling the app or clearing the cache.,Technical Support
Can I pay in installments?,"Yes, select 'Pay Later' at checkout.",Payment
How long does shipping take?,Standard shipping takes 3-5 business days.,Shipping
What is your return policy?,You can return items within 30 days of delivery.,Returns
